{"train_val": [[[0.7444933920704846, 0.7466960352422908]], [[0.72, 0.68]]], "test": [[0.75, 0.7678571428571429], [0.5625, 0.5896045918367347], [0.75, 0.7678571428571429], [0.6428571428571429, 0.6670274170274171]], "options": {"emb_dim": 200, "freeze_emb": true, "hidden_lstm_dim": 100, "hidden_size_bert": 768, "bidirectional": true, "dropout": 0.5, "num_layers": 1, "num_epochs": 1, "batch_size": 6, "kfold": 2, "architecture": "bert", "seq_len": 4, "vocab_size": null, "num_labels": 4}}