{"train_val": [[[0.6168482676977203, 0.7385345092496335], [0.7380615935553879, 0.7385345092496335], [0.732907976922952, 0.7385345092496335], [0.720420367390511, 0.7371486494800281], [0.7053559495418521, 0.7358573936883372]], [[0.6332493622448979, 0.7410714285714287], [0.7455484693877551, 0.7410714285714287], [0.741983418367347, 0.7410714285714287], [0.720593112244898, 0.7410714285714287], [0.7098979591836736, 0.7482142857142857]]], "test": [[0.6999276728449484, 0.7347090294715718], [0.6079213233942129, 0.6172143611965368], [0.6988575508746876, 0.7344279850080314], [0.6336881302025714, 0.6317760861498962]], "options": {"emb_dim": 200, "freeze_emb": true, "hidden_lstm_dim": 100, "hidden_size_bert": 768, "bidirectional": true, "dropout": 0.5, "num_layers": 1, "num_epochs": 5, "batch_size": 10, "kfold": 2, "architecture": "bert", "seq_len": 64, "vocab_size": null, "num_labels": 4}}