{"train_val": [[0.8100164731972443, 0.8566983190725538, 0.875867352095339, 0.8818530803314941, 0.8997736546836083, 0.9100277733121199, 0.913306058401094, 0.9297310379203471, 0.9384571781325822, 0.9430126639481906], [0.792966567236224, 0.8197044973017887, 0.8268346119859393, 0.8303996693280146, 0.8535725420515041, 0.8381239602358445, 0.8422831938015989, 0.845254074919995, 0.8517900133804664, 0.8571375993935793]], "test": [0.8663797115184194, 0.8611900690349761, 0.8661511005353956, 0.8618015873672067], "confmat": [[0.0, 0.0, 0.0, 0.0], [0.0, 1180.0, 146.0, 1.0], [0.0, 78.0, 276.0, 0.0], [0.0, 0.0, 0.0, 0.0]], "options": {"architecture": "cnn", "emb_dim": 200, "freeze_emb": true, "bidirectional": true, "hidden_lstm_dim": 100, "hidden_size_bert": 768, "dropout": 0.5, "num_layers": 1, "seq_len": 64, "num_epochs": 10, "batch_size": 128, "kfold": 2, "use_kfold": false, "vocab_size": 18652, "num_labels": 4}}