{"train_val": [[[0.7312775330396476, 0.7444933920704846]], [[0.78, 0.66]]], "test": [[0.6964285714285714, 0.6964285714285714], [0.4850127551020408, 0.4850127551020408], [0.6964285714285714, 0.6964285714285714], [0.5718045112781954, 0.5718045112781954]], "options": {"emb_dim": 200, "freeze_emb": true, "hidden_lstm_dim": 100, "hidden_size_bert": 768, "bidirectional": true, "dropout": 0.5, "num_layers": 1, "num_epochs": 1, "batch_size": 6, "kfold": 2, "architecture": "bert", "seq_len": 4, "vocab_size": null, "num_labels": 4}}