{"train_val": [[[0.8599980654037274, 0.8475244354465432, 0.8541951263712859, 0.8504241325540303, 0.8529133349429071, 0.8538649120564776, 0.851473167868376, 0.8528133152473185, 0.8461956751867244, 0.8557460121108342], [0.907705517833734, 0.9046400883698715, 0.9108881690697292, 0.9028595459797789, 0.8960565799484536, 0.8977834159259617, 0.9052336024999025, 0.8959083774428405, 0.9001544739189812, 0.894715560835674], [0.9343899446833663, 0.9329829192241959, 0.9440799703051127, 0.937687414013897, 0.9309453775677348, 0.9332205312525675, 0.9357118702437534, 0.91500367786952, 0.9400179129824034, 0.9271375731362504], [0.961457527453883, 0.9618709235813105, 0.9659898072415667, 0.966792829795735, 0.9613217439491908, 0.9586991253138621, 0.9570083930594611, 0.9591868897693847, 0.9673228042866456, 0.9591670029923265], [0.974174001687139, 0.9788200555477753, 0.9809045296163187, 0.9826355052608006, 0.9745786086096139, 0.98225441310351, 0.9841326200707372, 0.9753102613627909, 0.9842861519423365, 0.9825573104756306]], [[0.834912939147278, 0.8423141184247619, 0.8265609514370664, 0.8275520317145689, 0.8517534459438886, 0.8616318347950703, 0.848760560309052, 0.8304083859732181, 0.8113971285192435, 0.8363095238095238], [0.8710259792688402, 0.8725356823278305, 0.8572844400396432, 0.8553022794846382, 0.8804662890280832, 0.8824238935801769, 0.8759902208174006, 0.8541471651076878, 0.8622025163027303, 0.8630952380952382], [0.8749863714183842, 0.8755059764399886, 0.8582755203171457, 0.8662041625371655, 0.8864068772523994, 0.887374383767107, 0.8759902208174006, 0.856125396702227, 0.852305464889336, 0.8611111111111113], [0.8858774498296305, 0.8735257803652166, 0.8681863230921705, 0.8662041625371655, 0.8834365831402413, 0.8903446778792652, 0.8789605149295587, 0.8803130595699163, 0.8473746195047348, 0.8759920634920635], [0.8868675478670166, 0.8745158784026026, 0.8780971258671952, 0.8662041625371655, 0.8903672694019434, 0.892324873954037, 0.8670793384809263, 0.8709621336612705, 0.8601948175046975, 0.871031746031746]]], "test": [[0.8955357142857143, 0.8851458864795918, 0.8599139030612246, 0.8842641900510204, 0.8717833227040818, 0.8676387117346939, 0.86875, 0.8797999043367347, 0.8596348852040816, 0.8782222222222222], [0.89365234375, 0.8811997209767396, 0.851845435316392, 0.8804154332383459, 0.8675396825396826, 0.8614124068615451, 0.8652834302325582, 0.8798057084158779, 0.8600959571389908, 0.8746327581782793], [0.8955357142857143, 0.8848214285714285, 0.8580357142857142, 0.8839285714285714, 0.8714285714285714, 0.8669642857142857, 0.86875, 0.8794642857142857, 0.8589285714285714, 0.8782222222222222], [0.8927124636373237, 0.8821716528649609, 0.8506865862114751, 0.8799105360355278, 0.8682773025034931, 0.8630588062647602, 0.8656940428593168, 0.879585543131014, 0.8593251229753873, 0.874894444069244]], "options": {"emb_dim": 200, "freeze_emb": true, "hidden_lstm_dim": 100, "hidden_size_bert": 768, "bidirectional": true, "dropout": 0.5, "num_layers": 1, "num_epochs": 5, "batch_size": 128, "kfold": 10, "architecture": "lstm", "seq_len": 64, "vocab_size": 18652, "num_labels": 4}}