{"train_val": [[[0.8540823234812011, 0.8456002672501015, 0.8421784500931462, 0.8519268073858847, 0.8487151056423589, 0.8555662909030659, 0.8507650298803833, 0.8541820154025719, 0.8429646711837028, 0.8534924600841708], [0.909170741426252, 0.8988171672499268, 0.9067761322486905, 0.9098704665426532, 0.8826058914672067, 0.9095012956550638, 0.8989109835149479, 0.9093797035600263, 0.8964021146729998, 0.8973056815318721], [0.9342049829062103, 0.9239152154442938, 0.9401149462906739, 0.9288006658818213, 0.9284279744563367, 0.9354206853404413, 0.9379853607779254, 0.9393040328757054, 0.9249106171847701, 0.9384768996761942], [0.9635366842962255, 0.9503306003599981, 0.9654726038053665, 0.9664358229735639, 0.9619311369191089, 0.9635366357370821, 0.9596070234779575, 0.9639052360547367, 0.961172436723066, 0.9673661559960062], [0.9793389464142084, 0.9734997579812293, 0.9854543756741223, 0.9837573550106529, 0.9795842550668067, 0.9815357499211885, 0.9786472821156093, 0.9824413779453306, 0.9666715290555576, 0.9847491379953903]], [[0.8576743893658756, 0.8121622935699616, 0.8349198148280933, 0.8612487611496531, 0.8404360753221011, 0.8472675553320413, 0.835353964959566, 0.8691774033696731, 0.816104023157293, 0.8313492063492064], [0.869555565814508, 0.8606770974018767, 0.8596722657627439, 0.8701684836471755, 0.8592666005946482, 0.8660794180423759, 0.8590927440940357, 0.8870168483647175, 0.8557079446527339, 0.8482142857142857], [0.873515957964052, 0.8616671954392627, 0.8626425598749019, 0.8850346878097126, 0.8741328047571854, 0.8799407905657802, 0.8788750600394271, 0.8919722497522298, 0.8675891211013662, 0.8541666666666666], [0.874506056001438, 0.8577068032897186, 0.8567019716505858, 0.8810703666997026, 0.8701684836471755, 0.8848912807527102, 0.8759077126476184, 0.8909811694747275, 0.8685792191387522, 0.8591269841269841], [0.8853971344126844, 0.8636473915140348, 0.8675930500618322, 0.8820614469772051, 0.8810703666997026, 0.8824337159813413, 0.8848097548230445, 0.8800792864222002, 0.8418465721293297, 0.8650793650793651]]], "test": [[0.8792602040816327, 0.868608099489796, 0.8758928571428571, 0.8680899234693878, 0.8821428571428571, 0.8783514030612245, 0.8625, 0.863185586734694, 0.8609598214285715, 0.8693333333333333], [0.8746709398044932, 0.8647519511612284, 0.8757315382728553, 0.8631866570066751, 0.8794034090909091, 0.8728744912241299, 0.8592393917538166, 0.8598246173469388, 0.8686804539155513, 0.8672402259607892], [0.8785714285714286, 0.8678571428571429, 0.8758928571428571, 0.8669642857142857, 0.8821428571428571, 0.8776785714285714, 0.8625, 0.8616071428571429, 0.8598214285714286, 0.8693333333333333], [0.8731938265905657, 0.8621417943764985, 0.8758113335159496, 0.8647854321548798, 0.8780490535716639, 0.872798831828357, 0.8564188453159041, 0.8607131297794772, 0.8624173672354648, 0.8680953078317213]], "options": {"emb_dim": 200, "freeze_emb": true, "hidden_lstm_dim": 100, "hidden_size_bert": 768, "bidirectional": true, "dropout": 0.5, "num_layers": 1, "num_epochs": 5, "batch_size": 128, "kfold": 10, "architecture": "lstm", "seq_len": 64, "vocab_size": 18652, "num_labels": 4}}