{"train_val": [[[0.730550224641551, 0.6694606637053195], [0.7404531617028712, 0.6784730988770095], [0.7408492791853238, 0.7391087416278429], [0.7414434554090031, 0.7420808013165412], [0.7408492791853238, 0.7106732247219351]], [[0.7117378826530613, 0.6660714285714285], [0.7117378826530613, 0.65], [0.7135204081632653, 0.7178571428571429], [0.7099553571428572, 0.7214285714285714], [0.7135204081632653, 0.6821428571428572]]], "test": [[0.7405551850011235, 0.7056729285250383], [0.5477373881236122, 0.6145086660053627], [0.7400928239914316, 0.7049794752810994], [0.6295496200797035, 0.6367728097014898]], "options": {"emb_dim": 200, "freeze_emb": true, "hidden_lstm_dim": 100, "hidden_size_bert": 768, "bidirectional": true, "dropout": 0.5, "num_layers": 1, "num_epochs": 5, "batch_size": 64, "kfold": 2, "architecture": "bert", "seq_len": 64, "vocab_size": null, "num_labels": 4}}