{"train_val": [[[0.4720286362190968, 0.4927573869382156], [0.4325519941550454, 0.4324089390492335], [0.42826178308938523, 0.4167721012593775]], [[0.45707270408163264, 0.5059948979591837], [0.44277423469387756, 0.42487244897959187], [0.4412563775510204, 0.40145408163265306]]], "test": [[0.4162078214275745, 0.42152168614956], [0.91461256996062, 0.902464657231101], [0.05908604069975009, 0.05336426914153132], [0.10999108021089626, 0.10033303558151252]], "options": {"emb_dim": 200, "freeze_emb": true, "hidden_lstm_dim": 100, "hidden_size_bert": 768, "bidirectional": true, "dropout": 0.5, "num_layers": 1, "num_epochs": 3, "batch_size": 128, "kfold": 2, "architecture": "cnn", "seq_len": 64, "vocab_size": 18652, "num_labels": 4}}