{"train_val": [[[0.8416224843207382], [0.9028087045566541], [0.9286174279542557]], [[0.8215200951594226], [0.8735277448454495], [0.8774881369949935]]], "test": [[0.8830357142857143], [0.8796975897959604], [0.8830357142857143], [0.8779189181116327]]}