{"train_val": [[[0.7391149338595332, 0.7427964938744582, 0.7384506447780177, 0.7399414347595283, 0.7367485739636362, 0.7407072124507197, 0.7377431623384608, 0.7422466829734744, 0.7390577797477682, 0.7324595962070242], [0.7391149338595332, 0.7427964938744582, 0.7384506447780177, 0.7399414347595283, 0.7367485739636362, 0.7407072124507197, 0.7377431623384608, 0.7422466829734744, 0.7390577797477682, 0.7324595962070242], [0.7391149338595332, 0.7427964938744582, 0.7384506447780177, 0.7399414347595283, 0.7367485739636362, 0.7407072124507197, 0.7377431623384608, 0.7422466829734744, 0.7390577797477682, 0.7324595962070242], [0.7391149338595332, 0.7427964938744582, 0.7384506447780177, 0.7399414347595283, 0.7367485739636362, 0.7407072124507197, 0.7377431623384608, 0.7422466829734744, 0.7390577797477682, 0.7324595962070242], [0.7391149338595332, 0.7427964938744582, 0.7384506447780177, 0.7399414347595283, 0.7367485739636362, 0.7407072124507197, 0.7377431623384608, 0.7422466829734744, 0.7390577797477682, 0.7324595962070242]], [[0.74084969663514, 0.7279911912706357, 0.7398929947617134, 0.7443012884043607, 0.7744796337423056, 0.7117439575043636, 0.7433102081268583, 0.7319476544597139, 0.7561657667710133, 0.7594049193751574], [0.74084969663514, 0.7279911912706357, 0.7398929947617134, 0.7443012884043607, 0.7744796337423056, 0.7117439575043636, 0.7433102081268583, 0.7319476544597139, 0.7561657667710133, 0.7594049193751574], [0.74084969663514, 0.7279911912706357, 0.7398929947617134, 0.7443012884043607, 0.7744796337423056, 0.7117439575043636, 0.7433102081268583, 0.7319476544597139, 0.7561657667710133, 0.7594049193751574], [0.74084969663514, 0.7279911912706357, 0.7398929947617134, 0.7443012884043607, 0.7744796337423056, 0.7117439575043636, 0.7433102081268583, 0.7319476544597139, 0.7561657667710133, 0.7594049193751574], [0.74084969663514, 0.7279911912706357, 0.7398929947617134, 0.7443012884043607, 0.7744796337423056, 0.7117439575043636, 0.7433102081268583, 0.7319476544597139, 0.7561657667710133, 0.7594049193751574]]], "test": [[0.739749681122449, 0.7215274234693877, 0.7459885204081633, 0.7299457908163264, 0.7286447704081632, 0.7531186224489795, 0.7486623086734695, 0.7224170918367347, 0.7263807397959183, 0.7768888888888889], [0.5465433673469389, 0.5191717155612244, 0.5558235012755102, 0.532118144132653, 0.5295161033163265, 0.566525031887755, 0.5598246173469388, 0.5204591836734694, 0.5269204400510203, 0.6035563456790123], [0.7392857142857143, 0.7205357142857143, 0.7455357142857143, 0.7294642857142857, 0.7276785714285714, 0.7526785714285714, 0.7482142857142857, 0.7214285714285714, 0.7258928571428571, 0.7768888888888889], [0.6284687591669111, 0.6035000741344799, 0.6368514797223236, 0.6153560365808687, 0.6129798818752307, 0.6464676879411978, 0.6404530862396032, 0.6046828689982217, 0.6106062005764541, 0.6793405591684732]], "options": {"emb_dim": 200, "freeze_emb": true, "hidden_lstm_dim": 100, "hidden_size_bert": 768, "bidirectional": true, "dropout": 0.5, "num_layers": 1, "num_epochs": 5, "batch_size": 128, "kfold": 10, "architecture": "cnn", "seq_len": 64, "vocab_size": 18652, "num_labels": 4}}