{"train_val": [[[0.739757616522495, 0.7416911745384781], [0.739757616522495, 0.7416911745384781], [0.739757616522495, 0.7416911745384781]], [[0.7482142857142857, 0.7053571428571429], [0.7482142857142857, 0.7053571428571429], [0.7482142857142857, 0.7053571428571429]]], "test": [[0.7380683136957894, 0.7406014071207933], [0.5437811902491599, 0.5478060518623393], [0.7374152088539807, 0.740139211136891], [0.6259657305611414, 0.6296117556071152]], "options": {"emb_dim": 200, "freeze_emb": true, "hidden_lstm_dim": 100, "hidden_size_bert": 768, "bidirectional": true, "dropout": 0.5, "num_layers": 1, "num_epochs": 3, "batch_size": 128, "kfold": 2, "architecture": "cnn", "seq_len": 64, "vocab_size": 18652, "num_labels": 4}}