{"train_val": [[0.74016950562477, 0.74016950562477, 0.74016950562477, 0.7924533375241244, 0.8752403591007761, 0.9143436173590898, 0.9407708973807972, 0.9630610283098033, 0.9668821936119187, 0.9805159098253108], [0.7397716933597711, 0.7397716933597711, 0.7397716933597711, 0.7739047994504844, 0.8460658916306086, 0.8721940744457866, 0.8692249627622436, 0.8686311404255349, 0.8555670490179461, 0.8757570084660381]], "test": [0.8634152003654945, 0.8614619238519906, 0.8631766805472932, 0.8622551366747179], "confmat": [[0.0, 0.0, 0.0, 0.0], [0.0, 1127.0, 121.0, 1.0], [0.0, 108.0, 324.0, 0.0], [0.0, 0.0, 0.0, 0.0]], "options": {"architecture": "lstm", "emb_dim": 200, "freeze_emb": true, "bidirectional": false, "hidden_lstm_dim": 100, "hidden_size_bert": 768, "dropout": 0.5, "num_layers": 5, "seq_len": 64, "num_epochs": 10, "batch_size": 128, "kfold": 10, "use_kfold": false, "vocab_size": 18652, "num_labels": 4}}