{"train_val": [[0.7394720880903698, 0.7394720880903698, 0.8364457690645059, 0.874336772588025, 0.9037559900891279, 0.9277599636458512, 0.9431700299559526, 0.9585190356539515, 0.9631649093831093, 0.9753910776952559], [0.7254898768862618, 0.7254898768862618, 0.8105076827091888, 0.831910766692583, 0.8521247904546776, 0.872933344327422, 0.8681771034422232, 0.883634886319119, 0.876500524991321, 0.8782841153232704]], "test": [0.8805691634925956, 0.8755685011513651, 0.8798334324806663, 0.8767866602659835], "confmat": [[0.0, 0.0, 0.0, 0.0], [0.0, 1188.0, 124.0, 1.0], [0.0, 76.0, 291.0, 1.0], [0.0, 0.0, 0.0, 0.0]], "options": {"architecture": "lstm", "emb_dim": 200, "freeze_emb": false, "bidirectional": false, "hidden_lstm_dim": 100, "hidden_size_bert": 768, "dropout": 0.5, "num_layers": 5, "seq_len": 64, "num_epochs": 10, "batch_size": 128, "kfold": 10, "use_kfold": false, "vocab_size": 18652, "num_labels": 4}}