{"train_val": [[[0.7239734078568139, 0.6276528628856294], [0.6004857478705985, 0.5511524356074097]], [[0.7227722772277227, 0.6293500637192432], [0.5445544554455446, 0.6097441427311048]]], "test": [[0.7053571428571429, 0.5625], [0.7888068990042675, 0.6020220588235295], [0.7053571428571429, 0.5625], [0.7326271186440678, 0.5773809523809523]], "options": {"emb_dim": 200, "freeze_emb": true, "hidden_lstm_dim": 100, "hidden_size_bert": 768, "bidirectional": true, "dropout": 0.5, "num_layers": 1, "num_epochs": 2, "batch_size": 6, "kfold": 2, "architecture": "bert", "seq_len": 4, "vocab_size": null, "num_labels": 4}}