{"train_val": [[[0.5071050870111725, 0.5130940166071873], [0.449853134941152, 0.43802330160881053], [0.4241577952118228, 0.41857252706775183]], [[0.5237244897959183, 0.5162276785714285], [0.45340561224489795, 0.4343080357142858], [0.44452168367346945, 0.4233928571428572]]], "test": [[0.42541412697382897, 0.4186355573199628], [0.9310022307524992, 0.9519104812791466], [0.06426276329882184, 0.053542744958058185], [0.1199207098340852, 0.10120728678093745]], "options": {"emb_dim": 200, "freeze_emb": true, "hidden_lstm_dim": 100, "hidden_size_bert": 768, "bidirectional": true, "dropout": 0.5, "num_layers": 1, "num_epochs": 3, "batch_size": 128, "kfold": 2, "architecture": "cnn", "seq_len": 64, "vocab_size": 18652, "num_labels": 4}}