{"train_val": [[[0.724249778299643, 0.5578904752636363], [0.7347385555804455, 0.6774384342487012], [0.7301868220434936, 0.7011312039557916], [0.7345406541223172, 0.6868568207933957], [0.702084814989268, 0.6866585654716958]], [[0.6839285714285714, 0.5321428571428571], [0.7, 0.6732142857142858], [0.7, 0.7142857142857143], [0.7, 0.6553571428571429], [0.6446428571428572, 0.6892857142857143]]], "test": [[0.7056574760811823, 0.6858360884853983], [0.6226199198473454, 0.6081443215367458], [0.7054623348803999, 0.6846332321970373], [0.6471494985767778, 0.6299833644436885]], "options": {"emb_dim": 200, "freeze_emb": true, "hidden_lstm_dim": 100, "hidden_size_bert": 768, "bidirectional": true, "dropout": 0.5, "num_layers": 1, "num_epochs": 5, "batch_size": 128, "kfold": 2, "architecture": "bert", "seq_len": 64, "vocab_size": null, "num_labels": 4}}