{"train_val": [[0.8015584404436882, 0.8400870689213855, 0.8677233035436338, 0.8912841487284997, 0.9066872896337143, 0.9178946105865153, 0.928726789184449, 0.9461606994034674, 0.9506922226678939, 0.9643725959517692], [0.8057379941191064, 0.8348699695409485, 0.858651173966942, 0.8711363062905887, 0.8663800654053898, 0.8723253665118883, 0.881243318171636, 0.8806487880609861, 0.8836214386142353, 0.8806487880609861]], "test": [0.8773063256234338, 0.8735652778002395, 0.8768590124925639, 0.8748736764844394], "confmat": [[0.0, 0.0, 0.0, 0.0], [0.0, 1164.0, 117.0, 2.0], [0.0, 88.0, 310.0, 0.0], [0.0, 0.0, 0.0, 0.0]], "options": {"architecture": "lstm-cnn", "emb_dim": 200, "freeze_emb": true, "bidirectional": false, "hidden_lstm_dim": 100, "hidden_size_bert": 768, "dropout": 0.5, "num_layers": 1, "seq_len": 64, "num_epochs": 10, "batch_size": 128, "kfold": 2, "use_kfold": false, "vocab_size": 18652, "num_labels": 4}}