{"train_val": [[0.8204658687353881, 0.8524930051378539, 0.8685398510475464, 0.8843377400313226, 0.8953730638392764, 0.9040390213076338, 0.9188457320379747, 0.9301804089106941, 0.9334974177424873, 0.9424068698455824], [0.8154737785679681, 0.8220058242717626, 0.8368513826894772, 0.8505092964337748, 0.8282264494414072, 0.8540722304540264, 0.8573237439401279, 0.8680125460008826, 0.8537898286514678, 0.8597280520185537]], "test": [0.8691255205234979, 0.8649487109780198, 0.8691255205234979, 0.863988088680732], "options": {"architecture": "cnn", "emb_dim": 200, "freeze_emb": true, "bidirectional": true, "hidden_lstm_dim": 100, "hidden_size_bert": 768, "dropout": 0.5, "num_layers": 1, "seq_len": 64, "num_epochs": 10, "batch_size": 128, "kfold": 2, "use_kfold": false, "vocab_size": 18652, "num_labels": 4}}