{"train_val": [[[0.7589814748810348, 0.7581023237298239, 0.7675584642374533, 0.7409277923595489, 0.7625016850022754, 0.7605775410854057, 0.7658572796274388, 0.760140265999218, 0.7711940266038064, 0.7639389246210602], [0.8040531977069983, 0.8127442524912296, 0.830062688882928, 0.8063060384654456, 0.8401550148678384, 0.7995895441287043, 0.8043133533176869, 0.8478901343553802, 0.8128978814811161, 0.8252000846063162], [0.8763176280761974, 0.8751604515495319, 0.8791437216620979, 0.8868741430525171, 0.8786800182621226, 0.8850719675640462, 0.88504763943321, 0.8807906050100217, 0.8822846241745674, 0.8866814358345075], [0.898882272921421, 0.9014675252959146, 0.9014269905509734, 0.9123535868988207, 0.9060307008385775, 0.9052748292126369, 0.9035907010017362, 0.905328414227363, 0.9048973061523853, 0.9120128332540148], [0.9194605695870978, 0.9276123386646741, 0.9245906367094304, 0.9308985301341532, 0.9300262743813031, 0.9266310433553514, 0.9333067115922913, 0.9253486692172519, 0.9280642421928067, 0.9368370447744714]], [[0.7626269422570503, 0.7685135072749614, 0.7413280475718533, 0.7353815659068385, 0.759167492566898, 0.7759559406373364, 0.7473069431607112, 0.7730426164519326, 0.7730426164519326, 0.7515107316074578], [0.774995309803444, 0.8119913837896986, 0.7958374628344896, 0.8057482656095145, 0.8315163528245788, 0.7996947197718058, 0.7581273002835727, 0.8384539147670962, 0.7888999008919723, 0.8223232001133788], [0.8408446872105461, 0.868314996547426, 0.8473736372646185, 0.8642220019821606, 0.8553022794846382, 0.8600307834052496, 0.8541314492658246, 0.8553022794846381, 0.8503468780971258, 0.8798057996346687], [0.8527258636591785, 0.8821488663475696, 0.8543111992071359, 0.8751238850346879, 0.8572844400396432, 0.870911057175215, 0.846218522887668, 0.8642220019821606, 0.8602576808721505, 0.8823331994834971], [0.8556961577713366, 0.8762200650046511, 0.8592666005946482, 0.8790882061446977, 0.8632309217046581, 0.8788239835533715, 0.8709464178194073, 0.869177403369673, 0.8721506442021804, 0.8952172304106828]]], "test": [[0.8703316326530613, 0.8857142857142857, 0.8539397321428571, 0.8600047831632653, 0.8724641262755103, 0.8783641581632653, 0.8625000000000002, 0.8607142857142858, 0.8637587691326531, 0.8835555555555555], [0.8682418521393105, 0.8832539682539683, 0.8483055778491172, 0.8558097290640395, 0.8656548314680437, 0.8733181141774893, 0.8586963327370304, 0.8591621147342823, 0.8614029234522593, 0.8800655773462409], [0.8696428571428572, 0.8857142857142857, 0.8535714285714285, 0.8589285714285714, 0.8714285714285714, 0.8776785714285714, 0.8625, 0.8607142857142858, 0.8633928571428572, 0.8835555555555555], [0.859776245184602, 0.8806952692272174, 0.8466306163960626, 0.8573394405567528, 0.8666512820308703, 0.8726370235671441, 0.8590828982138541, 0.8598550314674712, 0.8553670023479345, 0.8800749774215376]]}