{"train_val": [[[0.7420236265483325, 0.7366331003206653], [0.7420236265483325, 0.7366331003206653], [0.7420236265483325, 0.7366331003206653], [0.7420236265483325, 0.7366331003206653], [0.7420236265483325, 0.7366331003206653]], [[0.7443307556078544, 0.761567105171396], [0.7443307556078544, 0.761567105171396], [0.7443307556078544, 0.761567105171396], [0.7443307556078544, 0.761567105171396], [0.7443307556078544, 0.761567105171396]]], "test": [[0.7130117984693878, 0.7411001275510205], [0.50765625, 0.5478643176020408], [0.7125, 0.7401785714285715], [0.5928832116788322, 0.6296644799530895]], "options": {"emb_dim": 200, "freeze_emb": true, "hidden_lstm_dim": 100, "hidden_size_bert": 768, "bidirectional": true, "dropout": 0.1, "num_layers": 1, "num_epochs": 5, "batch_size": 128, "kfold": 2, "architecture": "bert", "seq_len": 64, "vocab_size": null, "num_labels": 4}}