{"train_val": [[[0.7417000526963824, 0.7458767702964109], [0.7417000526963824, 0.7458767702964109]], [[0.7082088753252442, 0.7086223984142715], [0.7082088753252442, 0.7086223984142715]]], "test": [[0.7482142857142857, 0.7139030612244898], [0.5598246173469388, 0.508929368622449], [0.7482142857142857, 0.7133928571428572], [0.6404530862396032, 0.5940603364847763]], "options": {"emb_dim": 200, "freeze_emb": true, "hidden_lstm_dim": 100, "hidden_size_bert": 768, "bidirectional": true, "dropout": 0.5, "num_layers": 1, "num_epochs": 2, "batch_size": 128, "kfold": 2, "architecture": "bert", "seq_len": 64, "vocab_size": null, "num_labels": 4}}