{"train_val": [[[0.4530948182336251, 0.4432323421773564], [0.41778743653282935, 0.42292741762530717], [0.4154991640599942, 0.4226212626314995]], [[0.4289253826530612, 0.4387755102040816], [0.4092251275510205, 0.425], [0.40617984693877546, 0.4216964285714285]]], "test": [[0.41989389977899727, 0.42126536009287746], [0.899382208217562, 0.9518636388718604], [0.05622991788646912, 0.060681777619132606], [0.10576630533195402, 0.11394720793279806]], "options": {"emb_dim": 200, "freeze_emb": true, "hidden_lstm_dim": 100, "hidden_size_bert": 768, "bidirectional": true, "dropout": 0.5, "num_layers": 1, "num_epochs": 3, "batch_size": 128, "kfold": 2, "architecture": "cnn", "seq_len": 64, "vocab_size": 18652, "num_labels": 4}}