{"train_val": [[0.8114262807963286, 0.8479774298128505, 0.8674707863743601, 0.8796890538724808, 0.8926714568901105, 0.90796206809432, 0.919993544742318, 0.9196867135408199, 0.9381041450515324, 0.9422811233507437, 0.9451169140838009, 0.9490983228506383, 0.9579380006866556, 0.9623357303308463, 0.9671755479104793, 0.9666661242308066, 0.9699437102765643, 0.972838935939826, 0.9755470781302235, 0.975393955152216], [0.8051363862690442, 0.8515097348997315, 0.8524135622227074, 0.8607369837718053, 0.8631151042144045, 0.8657784575553277, 0.8645893973340278, 0.8738166462061016, 0.868156577997927, 0.8720330558741523, 0.8800471802109237, 0.8842088909854726, 0.876194766648701, 0.8758854694363749, 0.8842088909854726, 0.8723182887724759, 0.8803564774232499, 0.883019830764173, 0.887490838751048, 0.8750057064274014]], "test": [0.8752215774794825, 0.870572301462281, 0.8744794765020821, 0.8718868956644233], "options": {"architecture": "cnn", "emb_dim": 200, "freeze_emb": true, "bidirectional": true, "hidden_lstm_dim": 100, "hidden_size_bert": 768, "dropout": 0.5, "num_layers": 1, "seq_len": 64, "num_epochs": 20, "batch_size": 128, "kfold": 2, "use_kfold": false, "vocab_size": 18652, "num_labels": 4}}