{"train_val": [[[0.7647059544775511, 0.7609596408449213, 0.7658586392834537, 0.7610732692404436, 0.750666304285966, 0.7427964938744582, 0.7590339673150349, 0.757217636836267, 0.7567753115991672, 0.764767904189568], [0.8174825080253696, 0.8395863265998635, 0.8567876747570733, 0.8457706127250983, 0.8222557625621048, 0.8104842856784906, 0.8333199876620928, 0.7913853433160573, 0.8027719282894109, 0.8235784311438338], [0.8711450352840447, 0.8816813739362878, 0.889262330283366, 0.8830324228429203, 0.884385608351862, 0.8839615777720325, 0.8820802630196289, 0.8790398415146101, 0.8804086509279361, 0.8811197418496434], [0.9012468725483702, 0.9087529749759197, 0.9076426944419785, 0.9048737185484855, 0.9106897806894272, 0.9070765798086031, 0.9013366341249187, 0.9057774284864641, 0.906486731893898, 0.9105250053267764], [0.9314010444294796, 0.9307624067154577, 0.9233846461038766, 0.9168243543916209, 0.9315446459562567, 0.929144367498705, 0.9184528581037732, 0.920413700593257, 0.9292664937443198, 0.9285289018442312]], [[0.751759437608599, 0.7542120911793854, 0.7537533850450014, 0.7452923686818632, 0.7492566897918731, 0.7171109175006704, 0.7305253707710879, 0.7413280475718533, 0.7329515038587303, 0.7559976536911059], [0.8075644275848386, 0.8285431119920712, 0.845649805860241, 0.8235877106045589, 0.8017839444995044, 0.7908083934382433, 0.8155893293362708, 0.7680872150644202, 0.7567138567559949, 0.7930661848072562], [0.8426677248666855, 0.8582755203171457, 0.8575074085460784, 0.8523290386521308, 0.8582755203171457, 0.8497840545103975, 0.8502083822407057, 0.8572844400396432, 0.8388919938590348, 0.8386105599647266], [0.8574406162181595, 0.869177403369673, 0.8550007317688869, 0.8850346878097126, 0.8582755203171457, 0.8557246427347137, 0.8561430770243231, 0.8622398414271556, 0.8359216997468767, 0.8485115110859158], [0.8643575511182313, 0.869177403369673, 0.8673887441176096, 0.8780971258671952, 0.867195242814668, 0.8626553289964158, 0.8729580455779058, 0.8622398414271556, 0.8557236604945971, 0.8534619866465103]]], "test": [[0.8794642857142857, 0.8610754145408164, 0.8659478635204082, 0.8830994897959183, 0.868624043367347, 0.8560905612244898, 0.8616071428571429, 0.8592889030612245, 0.8669642857142857, 0.88682587654321], [0.8799244668246445, 0.8561797622023241, 0.8656936102948681, 0.878153574741585, 0.8665614222567639, 0.8494561688311688, 0.8570303643670092, 0.8570609253364133, 0.8633138020833334, 0.8809198183344629], [0.8794642857142857, 0.8607142857142858, 0.8651785714285715, 0.8821428571428571, 0.8678571428571429, 0.8553571428571428, 0.8616071428571429, 0.8589285714285714, 0.8669642857142857, 0.8862222222222222], [0.879686697172107, 0.8540555299222493, 0.8552468082119219, 0.874151609106605, 0.8614140479912552, 0.8491684895395143, 0.8578348979635017, 0.8486508052681909, 0.8633688639483866, 0.8821266076488488]]}